target,count
Israel,31
Ukraine,25
Hamas,24
Palestinians,16
Russia,15
Ukrainian refugees,14
Russians,9
Ukrainians,8
Western countries,7
Russian propaganda,6
Pseudo-pacifism,6
Russian regime,6
Western European optic,6
Donald Trump,6
NATO allies,6
Vladimir Putin,6
UNRWA,6
Trumpâ€™s radical anti-immigration agenda,6
Europe,6
Ukrainian Government,5
Pro-Palestinians,5
Returning Refugees,5
Palestinian refugees,5
Ukrainian People,5
Allies,4
Ukrainian voices,4
xenophobes,3
refugees from Ukraine,3
Israelis,3
Hezbollah,3
Zionism,3
Putin,3
Arab leaders,3
Trump,3
Netanyahu,3
racists that give refugees shit,3
Palestinian people,3
"Ukrainians, Belarusians and other immigrants",3
Ukraine's war effort,3
Palestine,3
Jews,3
Verified charities and volunteers,3
Anti-immigration views on Reddit,3
UK immigration policy (Ukraine Scheme changes),3
UK immigration,3
friend (Ukrainian refugee),3
Islamic Republic,2
r/Ukraine community,2
Palestinians in Gaza,2
western world MSM,2
KateKozakDrive,2
ongand_2,2
ethnic cleansing,2
settler colonial framing,2
Dictators,2
police SA,2
Gender Apartheid,2
antisemitic argument that Israel is a European-white-colonial-project mixed with a Holocaust-Survivor-pity-state,2
Arab countries,2
Holocaust Refugees,2
IDF,2
Two-state solution,2
Israeli government,2
United Nations,2
Jewish people,2
CF_Siveryany,2
Iran,2
Palestinian leaders,2
Arab states,2
Pitmaster4Ukraine,2
UN,2
Ukrainian forces,2
Allies (of Ukraine),2
Russian troops,2
Ethnic cleansing of Germans from Sudetenland,1
Total victory (in the Israeli-Palestinian conflict),1
Israeli actions (past and present),1
Palestinian factions,1
The looney left and the alt right,1
Jews expelled from Arab countries,1
German refugees,1
Winston Churchill,1
Desire for independence and sovereignty,1
Allies (WWII),1
Treaty of Versailles,1
Palestinian national movement focused on Jordan,1
International push to create a Palestinian state in Jordan,1
German people (post WWI),1
Fateh,1
Trump's plan to resettle Palestinians,1
Treatment of Palestinians inside Jordan,1
Nakba narrative,1
Palestinian leadership,1
Lehi/Stern Gang,1
Irgun (attacks against the British),1
Palestinian Authority,1
Trump Peace Plan,1
Those who helped smuggle Jews out of Europe and into Palestine,1
International Community,1
Druze,1
Bedouins in Gaza,1
Progressives who criticize Israel,1
Gazans,1
Jewish immigration to Palestine in the 1940s (Aaliyah Bet),1
Jewish Zionists,1
Jordan,1
Sudeten Germans,1
International media (portrayal of Israel),1
NAM (non-aligned movement),1
humanitarian aid (shrouds),1
Civilians of Gaza,1
the world,1
the West,1
Surrounding Arab and Muslim nations,1
People who prioritize land over lives,1
People accusing Israel of genocide,1
Israeli war crimes being presented as proof of Israel's illegitimacy,1
Those that think Palestinians deserve to fight to return to Israeli land,1
Historians who see Sudetenland expulsion as ethnic cleansing,1
Arab nations (regarding their treatment of Palestinians),1
Palestinian cause (as exploited by others),1
Pro-Palestinian protests,1
Poland (post-WWII),1
Radical Islam,1
Arab world,1
Pro-Palestinian propaganda,1
"""Nakba"" refugees",1
Palestinians in Lebanon,1
Palestinians in Syria,1
Palestinians in Jordan,1
Palestinians in Egypt,1
"""Palestinians""",1
Palestinian narrative,1
Pan-Arab groups,1
Arab League,1
Germany (post-WWII),1
Gazan people,1
People keeping Gazans in Gaza,1
Donald J. Trump,1
Israel's blockade of Gaza,1
OIC (Organization of Islamic Cooperation),1
Palestinian textbooks,1
Palestinian media,1
Romans,1
Arabs,1
The West,1
Western Narrative of the Conflict,1
The UN,1
Muslims,1
Islam,1
OmeTV users (initially),1
Dialogue/Conversation,1
Hope for peace,1
Social Media (yelling past each other),1
Yoav Gallant,1
"Academics, politicians, and activists (doing nothing to help Gazans escape)",1
Benjamin Netanyahu,1
South Africa,1
International Court of Justice (ICJ),1
Amnesty International,1
UN Special Committee to Investigate Israeli Practices,1
Euro-Mediterranean Human Rights Monitor,1
International Criminal Court (ICC),1
BDS Movement,1
Binyamin Netanyahu,1
Recognition of Palestine as a state,1
Qatari funding of Hamas,1
Israeli policy since 1967,1
Israel's policy of establishing settlements on occupied Palestinian lands,1
Gazan Palestinians,1
Nakba refugees right-to-return,1
Abbas,1
PA (Palestinian Authority),1
"Hostile forces (Hamas, Hezbollah, Hoothis)",1
Plans to allow Gazans to leave,1
Governments in the USA or Israel,1
Chamberlain government,1
The phrase 'ethnic cleansing',1
Palestinian terrorism,1
British (regarding the White Paper),1
White Paper of 1939,1
Those who want Gazans displaced,1
Displacement of Gazans,1
Gazans (in a hypothetical scenario),1
People who say Jews don't have a right to the land,1
Israeli narrative,1
Palestinian leadership's strategic choices,1
journalists,1
Right of Return,1
Gaza,1
Egypt,1
Greta Thunberg's 'Aide Boat',1
Al Jazeera,1
Treatment of Palestinians in neighboring Arab countries,1
Nakba,1
Zionist leaders,1
Early Muslim Rule,1
Byzantines,1
Right of return,1
Israeli settlements,1
Trump administration,1
Israeli settlement policy,1
2-state-solution,1
The world (international community),1
Arabs (in 1947),1
UNWRA,1
SBU,1
UFL_Robin and team,1
Children who've suffered loss,1
Med Team Alpha,1
British combat medic,1
Latvian volunteer,1
Oleh Tatarov,1
NABU,1
Britain,1
Ukrainian government decision regarding NABU,1
supporters of Ukraine,1
jesterboyd,1
tallalittlebit,1
21_vetal_01,1
UFL_Robin,1
Lee,1
Malaysian media,1
forums,1
pro-West media,1
Malaysian law,1
Russians (occupiers),1
European partners,1
Boris Johnson,1
Russian nuclear weapons,1
The New York Times,1
NATO countries,1
USA,1
Zelensky,1
Anti-corruption organizations within the Ukrainian government,1
Russian agents,1
Ukrainian government's claim about Russian infiltration,1
Air interceptor drones,1
charities,1
International support,1
Ukrainian stories,1
Mike Johnson,1
State Migration Services,1
wife,1
marriage,1
volunteer opportunities,1
Volunteeringukraine.com,1
INFOBUS,1
Ukrainian law enforcement,1
Ukrainian prison,1
cannabis,1
Eastern Ukraine,1
the organization I plan to work with,1
racism,1
Tourists visiting Ukraine,1
Russian airbases,1
European nations (aid to Ukraine),1
International audiences,1
defenders of Ukraine,1
Ukrainian culture,1
Ukrainian literature,1
Olha Kobylianska,1
"harmful and disingenuous idea of Ukraine not having a unique, individual cultural identity",1
expats,1
neutrality,1
Malaysia,1
Dutch government,1
Russian forces,1
Dutch Defense Minister Ruben Brekelmans,1
Ukrainian people,1
Ukrainian folklore,1
Ukrainian illustrators/animators,1
GOP (regarding Ukraine aid),1
MAGA Republicans (regarding Ukraine aid),1
NATO,1
PLO,1
Palestinian leadership (historical),1
Current discourse,1
Critics of Zionism,1
Anti-Semitism,1
UN Partition Plan,1
Terrorist entities,1
Arab countries (1948-1967),1
"""Palestinians"" (1948-1967)",1
"Pro ""Palestinians""",1
Israeli policies regarding displacement of Muslims,1
Claim of equivalency between Jewish and Muslim displacement,1
Jewish communities in Muslim lands,1
Arab leaders during the 1948 war,1
the UN,1
Francesca Albanese,1
Violent resistance,1
Israeli government actions/policies,1
Israeli government's disregard for Palestinian civilian lives,1
Theft of Palestinian lands,1
Settler violence,1
Dehumanization of the Palestinian people,1
Maximalists in the pro-Palestine movement,1
Slogan-driven voices in the pro-Palestine movement,1
Islamic Republic of Iran and its proxies,1
Islamist rhetoric and ideology,1
Israel's existence,1
Right of Palestinians to a sovereign and independent state,1
Coexistence and peace,1
Mainstream Jewish and Israeli communities,1
Pro-Israelis,1
Arab States,1
Palestinian violent resistance,1
China,1
Qatar,1
EU sanctions on Chinese banks,1
Australian M1 Abrams tanks,1
Khamenei's regime,1
Pro-Palestine movement,1
People of Israel,1
People of Gaza,1
Palestine Action,1
other migrants,1
Jews expelled from Arab and Muslim countries,1
Chicago Police and FBI,1
Rich White Folks in Chicago,1
Western Media (regarding Ukraine vs. other conflicts),1
The West (regarding Greta Thunberg vs. Gazans),1
Attention given to rich people vs. migrants,1
Royal Family of Qatar,1
Human rights groups,1
Migrant workers in Qatar,1
FIFA,1
Western Politicians,1
Arab citizens in Israel,1
The user being responded to,1
Saudi Arabia,1
Pro-Palestine individuals,1
Jewish individuals criticizing Israel,1
Major humanitarian organizations,1
International Court of Justice,1
Civilians being targeted,1
Palestinian suffering,1
Critics of Israel,1
Media,1
refugee camps,1
